{"cameraMode":{"drawMode":0,"name":"Shaded","section":"Shading Mode"},"sceneLighting":true,"audioPlay":false,"sceneViewState":{"m_AlwaysRefresh":false,"showFog":true,"showSkybox":true,"showFlares":true,"showImageEffects":true,"showParticleSystems":true,"showVisualEffectGraphs":true,"m_FxEnabled":true},"in2DMode":false,"pivot":{"x":1.6428747177124024,"y":-2.4599335193634035,"z":-15.55997371673584},"rotation":{"x":0.006187080405652523,"y":0.9847137928009033,"z":-0.17036060988903047,"w":0.035761862993240359},"size":15.9437894821167,"orthographic":false}