{"cameraMode":{"drawMode":0,"name":"Shaded","section":"Shading Mode"},"sceneLighting":false,"audioPlay":false,"sceneViewState":{"m_AlwaysRefresh":false,"showFog":true,"showSkybox":false,"showFlares":true,"showImageEffects":true,"showParticleSystems":true,"showVisualEffectGraphs":true,"m_FxEnabled":true},"in2DMode":false,"pivot":{"x":-6.65104866027832,"y":10.084163665771485,"z":20.916994094848634},"rotation":{"x":0.004817149601876736,"y":0.9911354780197144,"z":-0.1273708939552307,"w":0.037483878433704379},"size":0.8660253882408142,"orthographic":false}